id;kod;producent;cena;kategoria;podkategoria
18559;63002-1;SOKY&SOKA;229,99;Damskie;Sukienki
18558;63001-3;SOKY&SOKA;219,49;Damskie;Sukienki
18557;63001-2;SOKY&SOKA;219,49;Damskie;Sukienki
18555;62004-3;SOKY&SOKA;209;Damskie;Sukienki
18554;600011-3;SOKY&SOKA;179;Damskie;Sukienki
18553;62012-2;SOKY&SOKA;128;Damskie;Sukienki
18551;62011-1;SOKY&SOKA;149;Damskie;Sukienki
18548;62009-1;SOKY&SOKA;124;Damskie;Sukienki
18547;62008-1;SOKY&SOKA;136;Damskie;Sukienki
18546;62007-3;SOKY&SOKA;136,88;Damskie;Sukienki
18545;62007-2;SOKY&SOKA;136;Damskie;Sukienki
18544;62007-1;SOKY&SOKA;136;Damskie;Sukienki
18542;62005-1;SOKY&SOKA;76;Damskie;Sukienki
18541;62004-2;SOKY&SOKA;209;Damskie;Sukienki
18540;62004-1;SOKY&SOKA;209;Damskie;Sukienki
18539;62003-4;SOKY&SOKA;209;Damskie;Sukienki
18538;62003-3;SOKY&SOKA;209;Damskie;Sukienki
18537;62003-2;SOKY&SOKA;ERR;Damskie;Sukienki
18536;62003-1;SOKY&SOKA;209;Damskie;Sukienki
18535;62002-2;SOKY&SOKA;159;Damskie;Sukienki
18534;62002-1;SOKY&SOKA;159;Damskie;Sukienki
18530;62001-1;SOKY&SOKA;209;Damskie;Sukienki
18529;61006-1;FASHION;64;Damskie;Sukienki
18528;61005-1;FASHION;32;Damskie;Bluzki
18527;61004-1;FASHION;86;Damskie;Dresy
18526;61003-2;FASHION;184;Damskie;Sukienki
18525;61003-1;FASHION;159;Damskie;Sukienki
18524;61002-1;FASHION;149;Damskie;Sukienki
18523;61001-1;FASHION;59,99;Damskie;Sukienki
18522;600017-2;SOKY&SOKA;99;Damskie;Sukienki
18521;600017-1;SOKY&SOKA;99;Damskie;Sukienki
18520;600016-1;SOKY&SOKA;98;Damskie;Sukienki
18519;600015-1;SOKY&SOKA;189;Damskie;Sukienki
18516;600012-2;SOKY&SOKA;98;Damskie;Sukienki
18515;600012-1;SOKY&SOKA;98;Damskie;Sukienki
18514;600011-2;SOKY&SOKA;179;Damskie;Sukienki
18511;60010-3;EVA&LOLA;159;Damskie;Sukienki
18510;60010-2;EVA&LOLA;159;Damskie;Sukienki
18509;60010-1;EVA&LOLA;159;Damskie;Sukienki
18508;60009-4;EVA&LOLA;189;Damskie;Sukienki
18507;60009-3;EVA&LOLA;189;Damskie;Sukienki
18505;60009-1;EVA&LOLA;189;Damskie;Sukienki
18504;60008-4;EVA&LOLA;169;Damskie;Sukienki
18500;60007-3;EVA&LOLA;179;Damskie;Sukienki
18499;60007-2;EVA&LOLA;179;Damskie;Sukienki
18498;60007-1;EVA&LOLA;179;Damskie;Sukienki
18497;60006-2;EVA&LOLA;159;Damskie;Sukienki
18496;60006-1;EVA&LOLA;159;Damskie;Sukienki
18495;60005-11;EVA&LOLA;129;Damskie;Sukienki
18494;60005-10;EVA&LOLA;129;Damskie;Sukienki
18493;60005-9;EVA&LOLA;129;Damskie;Sukienki
18492;60005-8;EVA&LOLA;129;Damskie;Sukienki
18491;60005-7;EVA&LOLA;129;Damskie;Sukienki
18490;60005-6;EVA&LOLA;129;Damskie;Sukienki
18489;60005-5;EVA&LOLA;129;Damskie;Sukienki
18488;60005-4;EVA&LOLA;129;Damskie;Sukienki
18487;60005-3;EVA&LOLA;129;Damskie;Sukienki
18486;60005-2;EVA&LOLA;129;Damskie;Sukienki
18485;60005-1;EVA&LOLA;129;Damskie;Sukienki
18483;60003-2;SOKY&SOKA;209;Damskie;Sukienki
18482;60003-1;SOKY&SOKA;209;Damskie;Sukienki
18480;60002-1;SOKY&SOKA;139;Damskie;Sukienki
18478;60001-1;SOKY&SOKA;98;Damskie;Sukienki
18477;59005-4;REDOX;78;Mêskie;DRESY
18476;59007-3;REDOX;69;Mêskie;DRESY
18474;59007-1;REDOX;69;Mêskie;DRESY
18473;59006-2;REDOX;78;Mêskie;DRESY
18472;59006-1;REDOX;78;Mêskie;DRESY
18471;59005-3;REDOX;ERR;Mêskie;DRESY
18470;59005-2;REDOX;78;Mêskie;DRESY
18469;59005-1;REDOX;78;Mêskie;DRESY
18468;59004-2;REDOX;109;Mêskie;DRESY
18467;59004-1;REDOX;109;Mêskie;Spodnie spodenki
18466;59003-1;REDOX;109;Mêskie;DRESY
18463;59001-2;REDOX;99;Mêskie;DRESY
18462;59001-1;REDOX;99;Mêskie;DRESY
18461;27005-5;YNS;54;Mêskie;Swetry
18460;58008-3;EVA&LOLA;129;Damskie;Sukienki
18458;58008-1;EVA&LOLA;129;Damskie;Sukienki
18457;58007-4;EVA&LOLA;99;Damskie;Sukienki
18453;58006-3;EVA&LOLA;99;Damskie;Sukienki
18452;58006-2;EVA&LOLA;99;Damskie;Sukienki
18451;58006-1;EVA&LOLA;99;Damskie;Sukienki
18450;58005-7;EVA&LOLA;99;Damskie;Sukienki
18449;58005-6;EVA&LOLA;99;Damskie;Sukienki
18448;58005-5;EVA&LOLA;99;Damskie;Sukienki
18447;58005-4;EVA&LOLA;99;Damskie;Sukienki
18446;58005-3;EVA&LOLA;99;Damskie;Sukienki
18445;58005-2;EVA&LOLA;99;Damskie;Sukienki
18444;58005-1;EVA&LOLA;99;Damskie;Sukienki
18443;58004-3;EVA&LOLA;119;Damskie;Sukienki
18442;58004-2;EVA&LOLA;119;Damskie;Sukienki
18441;58004-1;EVA&LOLA;119;Damskie;Sukienki
18440;58003-4;EVA&LOLA;119;Damskie;Sukienki
18439;58003-3;EVA&LOLA;119;Damskie;Sukienki
18438;58003-2;EVA&LOLA;119;Damskie;Sukienki
18437;58003-1;EVA&LOLA;119;Damskie;Sukienki
18435;58002-4;EVA&LOLA;159;Damskie;Sukienki
18434;58002-3;EVA&LOLA;159;Damskie;Sukienki
18433;58002-2;EVA&LOLA;159;Damskie;Sukienki
18432;58002-1;EVA&LOLA;159;Damskie;Sukienki
18431;58001-6;EVA&LOLA;119;Damskie;Sukienki
18429;58001-4;EVA&LOLA;119;Damskie;Sukienki
18428;58001-3;EVA&LOLA;119;Damskie;Sukienki
18427;58001-2;EVA&LOLA;119;Damskie;Sukienki
18426;58001-1;EVA&LOLA;119;Damskie;Sukienki
18423;50035-9;BYE-BRA;19,95;Damskie;Peruki
18420;50035-6;BYE-BRA;119;Damskie;Peruki
18419;50035-5;BYE-BRA;119;Damskie;Peruki
18418;50035-4;BYE-BRA;119;Damskie;Peruki
18417;50035-3;BYE-BRA;119;Damskie;Peruki
18416;50035-2;BYE-BRA;119;Damskie;Peruki
18415;50035-1;BYE-BRA;119;Damskie;Peruki
18377;50014-16;OBSESSIVE;43,95;Damskie;Komplety
18376;50014-15;OBSESSIVE;62,95;Damskie;Komplety
18375;50014-14;OBSESSIVE;83,95;Damskie;Komplety
18374;50014-13;OBSESSIVE;62,95;Damskie;Komplety
18373;50014-12;OBSESSIVE;62,95;Damskie;Komplety
18372;50014-11;OBSESSIVE;79,95;Damskie;Komplety
18371;50014-10;OBSESSIVE;59,95;Damskie;Komplety
18370;50014-9;OBSESSIVE;94,95;Damskie;Komplety
18369;50014-8;OBSESSIVE;84,95;Damskie;Komplety
18368;50014-7;OBSESSIVE;84,95;Damskie;Komplety
18367;50014-6;OBSESSIVE;56,95;Damskie;Komplety
18366;50014-5;OBSESSIVE;59,95;Damskie;Komplety
18365;50014-4;OBSESSIVE;74,95;Damskie;Komplety
18364;50014-3;OBSESSIVE;59,95;Damskie;Komplety
18363;50014-2;OBSESSIVE;39,95;Damskie;Komplety
18362;50014-1;OBSESSIVE;39,95;Damskie;Komplety
18361;50013-6;OBSESSIVE;62,95;Damskie;Komplety
18360;50013-5;OBSESSIVE;67,95;Damskie;Komplety
18359;50013-4;OBSESSIVE;74,95;Damskie;Komplety
18358;50013-3;OBSESSIVE;65;Damskie;Komplety
18357;50013-3;OBSESSIVE;89,99;Damskie;Komplety
18356;50013-2;OBSESSIVE;82,99;Damskie;Komplety
18355;50013-1;OBSESSIVE;89,95;Damskie;Komplety
18353;50012-18;BACI;46,95;Damskie;Komplety
18352;50012-17;BACI;46,95;Damskie;Komplety
18351;50012-16;BACI;54,95;Damskie;Komplety
18350;50012-15;BACI;45,95;Damskie;Komplety
18349;50012-14;BACI;45,95;Damskie;Komplety
18348;50012-13;BACI;54,95;Damskie;Nocne mini
18347;50012-12;BACI;54,95;Damskie;Nocne mini
18346;50012-11;BACI;52,95;Damskie;Komplety
18345;50012-10;BACI;43,95;Damskie;Komplety
18344;50012-9;BACI;43,95;Damskie;Komplety
18343;50012-8;BACI;43,95;Damskie;Komplety
18342;50012-7;BACI;43,95;Damskie;Komplety
18341;50012-6;BACI;68,95;Damskie;Komplety
18340;50012-5;BACI;39,95;Damskie;Komplety
18339;50012-4;BACI;45,95;Damskie;Komplety
18338;50012-3;BACI;64,95;Damskie;Komplety
18337;50012-2;OBSESSIVE;84,95;Damskie;Komplety
18336;50012-1;BACI;46,95;Damskie;Komplety
18335;57004-3;SOKY&SOKA;109;Damskie;Sukienki
18334;57004-2;SOKY&SOKA;109;Damskie;Sukienki
18333;57004-1;SOKY&SOKA;109;Damskie;Sukienki
18332;57003-3;SOKY&SOKA;134;Damskie;Sukienki
18331;57003-2;SOKY&SOKA;134;Damskie;Sukienki
18330;57003-1;SOKY&SOKA;134;Damskie;Sukienki
18329;57002-2;SOKY&SOKA;109;Damskie;Sukienki
18328;57002-1;SOKY&SOKA;109;Damskie;Sukienki
18327;57001-2;SOKY&SOKA;99;Damskie;Sukienki
18326;57001-1;SOKY&SOKA;99;Damskie;Sukienki
18325;50010-10;OBSESSIVE;88,95;Damskie;Kostiumy
18324;50010-9;OBSESSIVE;62,95;Damskie;Kostiumy
18323;50011-17;BACI;66,95;Damskie;Kostiumy
18322;50011-16;BACI;76,95;Damskie;Kostiumy
18321;50011-15;BACI;76,95;Damskie;Kostiumy
18320;50011-14;BACI;66,95;Damskie;Kostiumy
18319;50011-13;BACI;62,95;Damskie;Kostiumy
18318;50011-12;BACI;66,95;Damskie;Kostiumy
18317;50011-11;BACI;67,94;Damskie;Kostiumy
18316;50011-10;BACI;89,95;Damskie;Kostiumy
18315;50011-9;BACI;72,95;Damskie;Kostiumy
18314;50011-8;BACI;72,95;Damskie;Kostiumy
18313;50011-7;BACI;67,95;Damskie;Kostiumy
18312;50011-6;BACI;72,95;Damskie;Kostiumy
18311;50011-5;BACI;59,95;Damskie;Kostiumy
18310;50011-4;BACI;59,95;Damskie;Kostiumy
18309;50011-3;BACI;72,95;Damskie;Kostiumy
18308;50011-2;BACI;82,95;Damskie;Kostiumy
18307;50011-1;BACI;59,65;Damskie;Kostiumy
18306;50010-8;OBSESSIVE;129,95;Damskie;Kostiumy
18305;50010-7;OBSESSIVE;89,95;Damskie;Kostiumy
18304;50010-6;OBSESSIVE;99,95;Damskie;Kostiumy
18303;50010-5;OBSESSIVE;85,95;Damskie;Kostiumy
18302;50010-4;OBSESSIVE;108,95;Damskie;Kostiumy
18301;50010-3;OBSESSIVE;74,95;Damskie;Kostiumy
18300;50010-2;OBSESSIVE;115,95;Damskie;Kostiumy
18299;50010-1;OBSESSIVE;88,95;Damskie;Kostiumy
18298;50009-6;BACI;29,95;Damskie;Kostiumy
18297;50009-5;BACI;29,95;Damskie;Kostiumy
18296;50009-4;BACI;29,95;Damskie;Kostiumy
18295;50009-3;BACI;18,9;Damskie;Kostiumy
18294;50009-2;BACI;ERR;Damskie;Kostiumy
18293;50009-1;BACI;18,9;Damskie;Kostiumy
18292;50007-9;OBSESSIVE;24,85;Damskie;Kostiumy
18291;50007-8;OBSESSIVE;25,89;Damskie;Kostiumy
18290;50007-7;OBSESSIVE;24,85;Damskie;Kostiumy
18289;50007-6;OBSESSIVE;27,55;Damskie;Kostiumy
18288;50007-5;OBSESSIVE;22,95;Damskie;Kostiumy
18287;50007-4;OBSESSIVE;19,85;Damskie;Kostiumy
18286;50007-3;OBSESSIVE;23,9;Damskie;Kostiumy
18285;50007-2;OBSESSIVE;16,9;Damskie;Kostiumy
18284;50007-1;OBSESSIVE;16,9;Damskie;Kostiumy
18281;50006-30;OBSESSIVE;74,45;Damskie;Kostiumy
18280;50006-29;OBSESSIVE;53,95;Damskie;Kostiumy
18278;50006-27;OBSESSIVE;69,95;Damskie;Kostiumy
18276;50006-25;OBSESSIVE;79,95;Damskie;Kostiumy
18274;50006-23;OBSESSIVE;79,95;Damskie;Kostiumy
18272;50006-21;OBSESSIVE;89,95;Damskie;Kostiumy
18270;50006-19;OBSESSIVE;89,95;Damskie;Kostiumy
18268;50006-17;OBSESSIVE;79,95;Damskie;Kostiumy
18266;50006-15;OBSESSIVE;62,95;Damskie;Kostiumy
18263;50006-12;OBSESSIVE;79,95;Damskie;Kostiumy
18262;50006-11;OBSESSIVE;79,95;Damskie;Kostiumy
18260;50006-9;OBSESSIVE;79,95;Damskie;Kostiumy
18258;50004-8;BACI;43,95;Damskie;Kostiumy
18256;50004-7;BACI;43,95;Damskie;Kostiumy
18255;50004-6;BACI;37,65;Damskie;Kostiumy
18253;50004-5;BACI;38,95;Damskie;Kostiumy
18252;50006-1;OBSESSIVE;88,95;Damskie;Kostiumy
18251;56007-1;SOKY&SOKA;109;Damskie;Sukienki
18250;56006-2;SOKY&SOKA;109;Damskie;Sukienki
18248;56005-3;SOKY&SOKA;98;Damskie;Sukienki
18246;56005-1;SOKY&SOKA;98;Damskie;Sukienki
18245;56004-2;SOKY&SOKA;87;Damskie;Sukienki
18244;56004-1;SOKY&SOKA;87;Damskie;Sukienki
18243;56003-2;SOKY&SOKA;129;Damskie;Sukienki
18240;56002-1;SOKY&SOKA;189;Damskie;Sukienki
18239;56001-3;SOKY&SOKA;139;Damskie;Sukienki
18238;56001-2;SOKY&SOKA;139;Damskie;Sukienki
18236;50008-42;BACI;58,95;Damskie;koszulki
18235;50008-41;BACI;53,95;Damskie;koszulki
18234;50008-40;BACI;58,95;Damskie;koszulki
18233;50008-39;BACI;53,95;Damskie;koszulki
18232;50008-38;BACI;53,95;Damskie;koszulki
18231;50008-37;BACI;49,95;Damskie;koszulki
18230;50008-36;BACI;53,95;Damskie;koszulki
18229;50008-35;BACI;53,95;Damskie;koszulki
18228;50008-34;BACI;53,95;Damskie;koszulki
18227;50008-33;BACI;52,95;Damskie;koszulki
18226;50008-32;BACI;44,95;Damskie;koszulki
18225;50008-31;BACI;57,95;Damskie;koszulki
18224;50008-30;BACI;52,95;Damskie;koszulki
18223;50008-29;BACI;52,95;Damskie;koszulki
18222;50008-28;BACI;58,95;Damskie;koszulki
18221;50008-27;BACI;52,95;Damskie;koszulki
18220;50008-26;BACI;49,95;Damskie;koszulki
18219;50008-25;BACI;49,95;Damskie;koszulki
18218;50008-24;BACI;52,95;Damskie;koszulki
18217;50008-23;BACI;49,95;Damskie;koszulki
18216;50008-22;BACI;49,95;Damskie;koszulki
18215;50008-21;BACI;44,15;Damskie;koszulki
18214;50008-20;BACI;49,95;Damskie;koszulki
18213;50008-19;BACI;49,95;Damskie;koszulki
18212;50008-18;BACI;49,95;Damskie;koszulki
18211;50008-17;BACI;49,95;Damskie;koszulki
18210;50008-16;BACI;39,95;Damskie;koszulki
18209;50008-15;BACI;53,95;Damskie;koszulki
18208;50008-14;BACI;49,95;Damskie;koszulki
18207;50008-13;BACI;49,95;Damskie;koszulki
18206;50008-12;BACI;49,95;Damskie;koszulki
18205;50008-11;BACI;49,95;Damskie;koszulki
18204;50005-14;OBSESSIVE;53,95;Damskie;koszulki
18203;50005-13;OBSESSIVE;64,95;Damskie;koszulki
18202;50005-12;OBSESSIVE;64,95;Damskie;koszulki
18201;50005-11;OBSESSIVE;58,95;Damskie;koszulki
18200;50005-20;OBSESSIVE;44,95;Damskie;koszulki
18199;50008-10;BACI;51,95;Damskie;koszulki
18198;50008-9;BACI;48,95;Damskie;koszulki
18197;50008-8;BACI;51,95;Damskie;koszulki
18196;50008-7;BACI;49,95;Damskie;koszulki
18195;50008-6;BACI;47,95;Damskie;koszulki
18194;50008-5;BACI;43,95;Damskie;koszulki
18193;50008-4;BACI;43,95;Damskie;koszulki
18192;50008-3;BACI;51,95;Damskie;koszulki
18191;50008-2;BACI;48,95;Damskie;koszulki
18190;50008-1;BACI;47,95;Damskie;koszulki
18189;50005-9;OBSESSIVE;63,95;Damskie;koszulki
18188;50005-8;OBSESSIVE;63,29;Damskie;koszulki
18187;50005-7;OBSESSIVE;63,29;Damskie;koszulki
18186;50005-6;OBSESSIVE;53,95;Damskie;koszulki
18185;50005-5;OBSESSIVE;48,95;Damskie;koszulki
18184;50005-4;OBSESSIVE;49,75;Damskie;koszulki
18183;50005-3;OBSESSIVE;69,55;Damskie;koszulki
18182;50005-2;OBSESSIVE;54,95;Damskie;koszulki
18181;50005-1;OBSESSIVE;49,75;Damskie;koszulki
18180;50004-4;BACI;68,95;Damskie;koszulki
18178;50004-2;BACI;68,95;Damskie;koszulki
18177;50004-1;BACI;47,95;Damskie;koszulki
18176;50003-2;BACI;44,95;Damskie;Rajstopy
18175;53019-3;SOKY&SOKA;54;Damskie;Sukienki
18174;53019-2;SOKY&SOKA;54;Damskie;Sukienki
18173;53019-1;SOKY&SOKA;54;Damskie;Sukienki
18172;48004-4;SOKY&SOKA;159;Damskie;Sukienki
18171;50003-1;BACI;43,55;Damskie;Rajstopy
18170;50002-15;BACI;27,95;Damskie;Rajstopy
18169;50002-14;BACI;28,95;Damskie;Rajstopy
18168;50002-13;BACI;27,95;Damskie;Rajstopy
18167;50002-12;BACI;28,95;Damskie;Rajstopy
18166;50002-11;BACI;29,95;Damskie;Rajstopy
18165;50002-10;BACI;29,95;Damskie;Rajstopy
18164;50002-9;BACI;29,95;Damskie;Rajstopy
18163;50002-8;BACI;29,95;Damskie;Rajstopy
18162;50002-7;BACI;29,95;Damskie;Rajstopy
18161;50002-1;BACI;29,95;Damskie;Rajstopy
18160;50001-6;BACI;29,95;Damskie;Rajstopy
18158;53018-2;SOKY&SOKA;86;Damskie;Sukienki
18157;26012-11;EVA&LOLA;99;Damskie;Sukienki
18156;54007-4;EVA&LOLA;134;Damskie;Sukienki
18155;54007-3;EVA&LOLA;134;Damskie;Sukienki
18153;54007-1;EVA&LOLA;134;Damskie;Sukienki
18152;54006-3;EVA&LOLA;109;Damskie;Sukienki
18149;54005-3;EVA&LOLA;119,99;Damskie;Sukienki
18148;54005-2;EVA&LOLA;119,99;Damskie;Sukienki
18147;54005-1;EVA&LOLA;119,99;Damskie;Sukienki
18146;54004-2;EVA&LOLA;159;Damskie;Sukienki
18145;54004-1;EVA&LOLA;159;Damskie;Sukienki
18144;54003-4;EVA&LOLA;159;Damskie;Sukienki
18143;54003-3;EVA&LOLA;159;Damskie;Sukienki
18142;54003-2;EVA&LOLA;159;Damskie;Sukienki
18141;54003-1;EVA&LOLA;159;Damskie;Sukienki
18140;54002-3;EVA&LOLA;134;Damskie;Sukienki
18139;54002-2;EVA&LOLA;134;Damskie;Sukienki
18137;54001-2;EVA&LOLA;149;Damskie;Sukienki
18136;54001-1;EVA&LOLA;149;Damskie;Sukienki
18135;53018-1;SOKY&SOKA;86;Damskie;Sukienki
18134;53017-2;SOKY&SOKA;134;Damskie;Sukienki
18133;53017-1;SOKY&SOKA;134;Damskie;Sukienki
18132;53016-1;SOKY&SOKA;68;Damskie;Sukienki
18131;53015-1;SOKY&SOKA;98;Damskie;Sukienki
18130;53014-1;SOKY&SOKA;85;Damskie;Sukienki
18128;53012-1;SOKY&SOKA;84;Damskie;Sukienki
18125;53009-2;SOKY&SOKA;169;Damskie;Sukienki
18124;53009-1;SOKY&SOKA;169;Damskie;Sukienki
18123;53008-1;SOKY&SOKA;134;Damskie;Sukienki
18121;53006-2;SOKY&SOKA;168;Damskie;Sukienki
18120;53006-1;SOKY&SOKA;168;Damskie;Sukienki
18119;53005-3;SOKY&SOKA;129;Damskie;Sukienki
18118;53005-2;SOKY&SOKA;129;Damskie;Sukienki
18117;53005-1;SOKY&SOKA;129;Damskie;Sukienki
18116;53004-1;SOKY&SOKA;109;Damskie;Sukienki
18115;53003-2;SOKY&SOKA;168;Damskie;Sukienki
18114;53003-1;SOKY&SOKA;168;Damskie;Sukienki
18113;53002-3;SOKY&SOKA;149;Damskie;Sukienki
18112;53002-2;SOKY&SOKA;149;Damskie;Sukienki
18111;53002-1;SOKY&SOKA;149;Damskie;Sukienki
18109;52003-2;REDOX;119;Mêskie;DRESY
18108;52001-2;REDOX;115;Mêskie;DRESY
18107;52010-4;REDOX;54,46;Mêskie;Spodnie spodenki
18106;52010-3;REDOX;54,46;Mêskie;Spodnie spodenki
18105;52010-2;REDOX;54,46;Mêskie;Spodnie spodenki
18104;52010-1;REDOX;54,46;Mêskie;Spodnie spodenki
18103;52009-4;REDOX;116;Mêskie;DRESY
18102;52009-3;REDOX;116;Mêskie;DRESY
18101;52009-2;REDOX;116;Mêskie;DRESY
18100;52009-1;REDOX;116;Mêskie;DRESY
18099;52008-2;REDOX;119;Mêskie;DRESY
18098;52008-1;REDOX;119;Mêskie;DRESY
18097;52007-2;REDOX;109;Mêskie;DRESY
18094;52006-3;REDOX;119;Mêskie;DRESY
18093;52006-2;REDOX;119;Mêskie;DRESY
18092;52006-1;REDOX;119;Mêskie;DRESY
18091;52005-3;REDOX;109;Mêskie;DRESY
18090;52005-2;REDOX;109;Mêskie;DRESY
18088;52004-3;REDOX;63,65;Mêskie;Swetry
18087;52004-2;REDOX;63,65;Mêskie;Swetry
18082;52001-1;REDOX;115;Mêskie;DRESY
18081;7815-10;EVA&LOLA;124,18;Damskie;Sukienki
18080;9709-6;EVA&LOLA;105,4;Damskie;Sukienki
18079;51005-5;EVA&LOLA;159;Damskie;Sukienki
18078;51010-2;EVA&LOLA;119;Damskie;Sukienki
18077;51010-1;EVA&LOLA;119;Damskie;Sukienki
18076;51009-6;EVA&LOLA;134;Damskie;Sukienki
18075;51009-5;EVA&LOLA;134;Damskie;Sukienki
18074;51009-4;EVA&LOLA;134;Damskie;Sukienki
18073;51009-3;EVA&LOLA;134;Damskie;Sukienki
18072;51009-2;EVA&LOLA;134;Damskie;Sukienki
18071;51009-1;EVA&LOLA;134;Damskie;Sukienki
18070;51008-7;EVA&LOLA;109;Damskie;Sukienki
18069;51008-6;EVA&LOLA;109;Damskie;Sukienki
18068;51008-5;EVA&LOLA;109;Damskie;Sukienki
18067;51008-4;EVA&LOLA;109;Damskie;Sukienki
18066;51008-3;EVA&LOLA;109;Damskie;Sukienki
18065;51008-2;EVA&LOLA;109;Damskie;Sukienki
18064;51008-1;EVA&LOLA;109;Damskie;Sukienki
18063;51007-2;EVA&LOLA;109;Damskie;Sukienki
18062;51007-1;EVA&LOLA;109;Damskie;Sukienki
18061;51006-5;EVA&LOLA;109;Damskie;Sukienki
18060;51006-4;EVA&LOLA;109;Damskie;Sukienki
18059;51006-3;EVA&LOLA;109;Damskie;Sukienki
18058;51006-2;EVA&LOLA;109;Damskie;Sukienki
18057;51006-1;EVA&LOLA;109;Damskie;Sukienki
18056;51005-4;EVA&LOLA;159;Damskie;Sukienki
18055;51005-3;EVA&LOLA;159;Damskie;Sukienki
18054;51005-2;EVA&LOLA;159;Damskie;Sukienki
18053;51005-1;EVA&LOLA;159;Damskie;Sukienki
18052;51004-4;EVA&LOLA;134;Damskie;Sukienki
18051;51004-3;EVA&LOLA;134;Damskie;Sukienki
18050;51004-2;EVA&LOLA;134;Damskie;Sukienki
18049;51004-1;EVA&LOLA;134;Damskie;Sukienki
18048;51003-5;EVA&LOLA;99;Damskie;Sukienki
18047;51003-4;EVA&LOLA;99;Damskie;Sukienki
18046;51003-3;EVA&LOLA;99;Damskie;Sukienki
18045;51003-2;EVA&LOLA;99;Damskie;Sukienki
18044;51003-1;EVA&LOLA;99;Damskie;Sukienki
18043;51002-2;EVA&LOLA;129;Damskie;Sukienki
18042;51002-1;EVA&LOLA;129;Damskie;Sukienki
18041;51001-4;EVA&LOLA;134;Damskie;Sukienki
18038;51001-1;EVA&LOLA;134;Damskie;Sukienki
18037;50001-5;BACI;27,95;Damskie;Rajstopy
18036;50001-4;BACI;29,95;Damskie;Rajstopy
18035;50001-3;BACI;38,23;Damskie;Rajstopy
18034;50001-2;BACI;38,23;Damskie;Rajstopy
18033;50001-1;BACI;39,23;Damskie;Rajstopy
18031;49010-4;SOKY&SOKA;72;Damskie;Sukienki
18030;49010-3;SOKY&SOKA;72;Damskie;Sukienki
18029;49010-2;SOKY&SOKA;72;Damskie;Sukienki
18024;49008-3;SOKY&SOKA;79;Damskie;Sukienki
18023;49008-2;SOKY&SOKA;79;Damskie;Sukienki
18022;49008-1;SOKY&SOKA;79;Damskie;Sukienki
18021;49007-4;SOKY&SOKA;69,9;Damskie;Sukienki
18017;49006-2;SOKY&SOKA;72;Damskie;Sukienki
18016;49006-1;SOKY&SOKA;72;Damskie;Sukienki
18014;49005-2;SOKY&SOKA;86;Damskie;Sukienki
18013;49005-1;SOKY&SOKA;86;Damskie;Sukienki
18012;49004-2;EMAMODA;65;Damskie;Sukienki
18011;49004-1;EMAMODA;65;Damskie;Sukienki
18009;49003-2;EMAMODA;68;Damskie;Sukienki
18008;49002-1;EMAMODA;67;Damskie;Sukienki
18007;49001-3;EMAMODA;69;Damskie;Sukienki
18006;49001-2;EMAMODA;69;Damskie;Sukienki
18005;49001-1;EMAMODA;69;Damskie;Sukienki
18004;48028-4;CIMINY;49;Damskie;Bluzki
18003;48028-3;CIMINY;49;Damskie;Bluzki
18002;48028-2;CIMINY;49;Damskie;Bluzki
18001;48028-1;CIMINY;49;Damskie;Bluzki
18000;48027-4;CIMINY;59;Damskie;Bluzki
17999;48027-3;CIMINY;59;Damskie;Bluzki
17998;48027-2;CIMINY;59;Damskie;Bluzki
17997;48027-1;CIMINY;59;Damskie;Bluzki
17996;48026-3;CIMINY;78;Damskie;Sukienki
17995;48026-2;CIMINY;78;Damskie;Sukienki
17994;48026-1;CIMINY;78;Damskie;Sukienki
17993;48025-3;CIMINY;56;Damskie;Bluzki
17992;48025-4;CIMINY;56;Damskie;Bluzki
17991;48025-1;CIMINY;56;Damskie;Bluzki
17990;48025-2;CIMINY;56;Damskie;Bluzki
17989;48024-2;CIMINY;59;Damskie;Bluzki
17988;48024-1;CIMINY;59;Damskie;Bluzki
17987;48023-2;CIMINY;69;Damskie;Komplety
17986;48023-1;CIMINY;69;Damskie;Komplety
17983;48020-1;YNS;29;Damskie;Spodnie spodenki
17981;48018-1;REDIAL;45;Damskie;Komplety
17980;48017-1;YNS;35;Damskie;Sukienki
17979;48016-1;YNS;29;Damskie;Bluzki
17978;48016-2;YNS;29;Damskie;Bluzki
17976;48015-1;YNS;36;Damskie;Sukienki
17975;48015-2;YNS;36;Damskie;Sukienki
17972;48013-2;FREESIA;99;Damskie;Sukienki
17971;48013-1;FREESIA;99;Damskie;Sukienki
17970;48012-2;FREESIA;79;Damskie;Spodnie spodenki
17969;48012-1;FREESIA;79;Damskie;Spodnie spodenki
17968;48011-3;FREESIA;79;Damskie;Spodnie spodenki
17967;48011-2;FREESIA;79;Damskie;Spodnie spodenki
17966;48011-1;FREESIA;79;Damskie;Spodnie spodenki
17965;48010-2;AZAKA;56;Damskie;Bluzki
17964;48010-1;AZAKA;56;Damskie;Bluzki
17963;48009-2;AZAKA;56;Damskie;Spodnie spodenki
17962;48009-1;AZAKA;56;Damskie;Spodnie spodenki
17961;48008-2;AZAKA;49;Damskie;Bluzki
17960;48008-1;AZAKA;49;Damskie;Bluzki
17959;48007-2;AZAKA;49;Damskie;Bluzki
17958;48007-1;AZAKA;49;Damskie;Bluzki
17957;48006-2;AZAKA;54;Damskie;Bluzki
17956;48006-1;AZAKA;54;Damskie;Bluzki
17955;48005-1;AZAKA;49;Damskie;Bluzki
17953;48004-3;SOKY&SOKA;159;Damskie;Sukienki
17952;48004-2;SOKY&SOKA;159;Damskie;Sukienki
17951;48004-1;SOKY&SOKA;159;Damskie;Sukienki
17950;48003-3;SOKY&SOKA;159;Damskie;Sukienki
17948;48003-1;SOKY&SOKA;159;Damskie;Sukienki
17944;48001-2;SOKY&SOKA;109;Damskie;Sukienki
17943;48001-1;SOKY&SOKA;109;Damskie;Sukienki
17942;46013-3;SOKY&SOKA;159;Damskie;Sukienki
17939;47009-1;REDOX;44;Mêskie;Bluzki
17937;47008-1;REDOX;119;Mêskie;DRESY
17934;47006-1;REDOX;119;Mêskie;DRESY
17933;47005-1;REDOX;126;Mêskie;DRESY
17930;47002-2;REDOX;109;Mêskie;DRESY
17929;47002-1;REDOX;109;Mêskie;DRESY
17927;46028-3;AZAKA;49;Damskie;Spodnie spodenki
17926;46027-3;AZAKA;63;Damskie;Bluzki
17925;46049-3;YNS;119;Damskie;Sukienki
17924;46049-2;YNS;119;Damskie;Sukienki
17923;46049-1;YNS;119;Damskie;Sukienki
17922;46048-1;YNS;163;Damskie;Spodnie spodenki
17921;46047-1;YNS;124;Damskie;Spodnie spodenki
17920;46046-1;Lily McBee;124;Damskie;Sukienki
17919;46045-2;Lily McBee;135;Damskie;Sukienki
17916;46043-2;Kelyna;56;Damskie;Bluzki
17915;46043-1;Kelyna;56;Damskie;Bluzki
17912;46041-2;Kelyna;56;Damskie;Bluzki
17911;46041-1;Kelyna;56;Damskie;Bluzki
17910;46040-3;EVA&LOLA;98;Damskie;Sukienki
17909;46040-2;EVA&LOLA;98;Damskie;Sukienki
17908;46040-1;EVA&LOLA;98;Damskie;Sukienki
17907;46039-6;EVA&LOLA;93;Damskie;Sukienki
17905;46039-4;EVA&LOLA;93;Damskie;Sukienki
17903;46039-2;EVA&LOLA;93;Damskie;Sukienki
17902;46039-1;EVA&LOLA;93;Damskie;Sukienki
17897;46037-5;EVA&LOLA;89;Damskie;Sukienki
17896;46037-4;EVA&LOLA;89;Damskie;Sukienki
17895;46037-3;EVA&LOLA;89;Damskie;Sukienki
17894;46037-2;EVA&LOLA;89;Damskie;Sukienki
17893;46037-1;EVA&LOLA;89;Damskie;Sukienki
17891;46036-4;EVA&LOLA;106;Damskie;Sukienki
17889;46036-2;EVA&LOLA;106;Damskie;Sukienki
17884;46034-3;ATTRAIT;142;Damskie;Kurtki
17883;46034-2;ATTRAIT;142;Damskie;Kurtki
17882;46034-1;ATTRAIT;142;Damskie;Kurtki
17881;46033-3;ATTRAIT;129;Damskie;Kurtki
17880;46033-2;ATTRAIT;129;Damskie;Kurtki
17879;46033-1;ATTRAIT;129;Damskie;Kurtki
17877;46032-2;AZAKA;49;Damskie;Bluzki
17875;46031-3;AZAKA;49;Damskie;Bluzki
17874;46031-1;AZAKA;49;Damskie;Bluzki
17873;46031-2;AZAKA;49;Damskie;Bluzki
17872;46030-3;AZAKA;56;Damskie;Bluzki
17871;46030-2;AZAKA;56;Damskie;Bluzki
17870;46030-1;AZAKA;56;Damskie;Bluzki
17869;46029-3;AZAKA;57;Damskie;Spodnie spodenki
17868;46029-1;AZAKA;57;Damskie;Spodnie spodenki
17866;46028-1;AZAKA;49;Damskie;Spodnie spodenki
17865;46028-2;AZAKA;49;Damskie;Spodnie spodenki
17864;46027-2;AZAKA;63;Damskie;Bluzki
17863;46027-1;AZAKA;63;Damskie;Bluzki
17862;46026-3;AZAKA;57;Damskie;Bluzki
17861;46026-2;AZAKA;57;Damskie;Bluzki
17860;46026-1;AZAKA;57;Damskie;Bluzki
17859;46025-3;SOKY&SOKA;67;Damskie;Sukienki
17858;46025-2;SOKY&SOKA;67;Damskie;Sukienki
17857;46025-1;SOKY&SOKA;67;Damskie;Sukienki
17855;46023-2;SOKY&SOKA;109;Damskie;Sukienki
17854;46023-1;SOKY&SOKA;109;Damskie;Sukienki
17853;46022-2;SOKY&SOKA;74;Damskie;Sukienki
17845;46017-1;SOKY&SOKA;108;Damskie;Sukienki
17837;46013-2;SOKY&SOKA;159;Damskie;Sukienki
17835;46012-1;FREESIA;94;Damskie;Marynarki
17833;46011-1;FREESIA;94;Damskie;Marynarki
17832;46010-2;FREESIA;79;Damskie;Spodnie spodenki
17831;46010-1;FREESIA;79;Damskie;Spodnie spodenki
17830;46009-1;FREESIA;79;Damskie;Spodnie spodenki
17829;46008-1;FREESIA;79;Damskie;Spodnie spodenki
17828;46007-2;FREESIA;79;Damskie;Spodnie spodenki
17826;46006-3;CIMINY;118;Damskie;Kurtki
17825;46006-1;CIMINY;118;Damskie;Kurtki
17824;46006-2;CIMINY;118;Damskie;Kurtki
17823;46005-2;CIMINY;118;Damskie;Kurtki
17822;46005-1;CIMINY;118;Damskie;Kurtki
17821;46004-1;CIMINY;118;Damskie;Kurtki
17819;46003-1;CIMINY;73;Damskie;Swetry
17817;45001-5;TOXIC4;89;Damskie;Spodnie spodenki
17815;45001-3;TOXIC4;89;Damskie;Spodnie spodenki
17814;45001-2;TOXIC4;89;Damskie;Spodnie spodenki
17813;45001-1;TOXIC4;89;Damskie;Spodnie spodenki
17811;26012-9;EVA&LOLA;99;Damskie;Sukienki
17810;44013-2;PINK BOOM;119,97;Damskie;Sukienki
17807;44016-3;PINK BOOM;106,64;Damskie;Sukienki
17806;44016-2;PINK BOOM;106,64;Damskie;Sukienki
17805;44016-1;PINK BOOM;106,64;Damskie;Sukienki
17802;44015-1;PINK BOOM;159,96;Damskie;Sukienki
17798;44014-1;PINK BOOM;83,32;Damskie;Sukienki
17789;48031-1;EVA&LOLA;159,96;Damskie;Sukienki
17785;44009-1;EVA&LOLA;159,96;Damskie;Sukienki
17778;44006-1;EVA&LOLA;159,96;Damskie;Sukienki
17776;44005-2;EVA&LOLA;159,96;Damskie;Sukienki
17775;44005-1;EVA&LOLA;159,96;Damskie;Sukienki
17774;44004-1;EVA&LOLA;133,3;Damskie;Sukienki
17773;44003-4;EVA&LOLA;159,96;Damskie;Sukienki
17772;44003-3;EVA&LOLA;159,96;Damskie;Sukienki
17771;44003-2;EVA&LOLA;159,96;Damskie;Sukienki
17770;44003-1;EVA&LOLA;159,96;Damskie;Sukienki
17768;44002-4;EVA&LOLA;146,63;Damskie;Sukienki
17767;44002-3;EVA&LOLA;146,63;Damskie;Sukienki
17761;44001-1;EVA&LOLA;106,64;Damskie;Sukienki
17753;43003-4;YNS;56;Damskie;Spódnice
17750;43003-1;YNS;56;Damskie;Spódnice
17743;43001-1;YNS;84;Damskie;Swetry
17742;43001-3;YNS;84;Damskie;Swetry
17739;42004-3;EVA&LOLA;142,68;Damskie;Sukienki
17725;42008-2;EMAMODA;74,2;Damskie;Sukienki
17715;42005-1;EMAMODA;68,2;Damskie;Sukienki
17711;42003-1;EVA&LOLA;142,68;Damskie;Sukienki
17700;41007-2;YNS;69,9;Damskie;Sukienki
17699;41007-1;YNS;69,9;Damskie;Sukienki
17691;41004-1;YNS;62;Damskie;Spodnie spodenki
17690;41003-1;YNS;66;Damskie;Bluzki
17683;26012-7;EVA&LOLA;99;Damskie;Sukienki
17607;36006-4;YNS;59;Damskie;Sukienki
17548;32001-4;YNS;119;Damskie;Kurtki
17540;33001-1;YNS;56,3;Damskie;Spódnice
17480;27013-1;YNS;69,57;Mêskie;Spodnie spodenki
17479;27012-2;YNS;59;Mêskie;Spodnie spodenki
17478;27012-1;YNS;59;Mêskie;Spodnie spodenki
17477;27011-1;YNS;84,67;Mêskie;Swetry
17476;27010-1;YNS;89,64;Mêskie;Swetry
17472;27007-2;YNS;129;Mêskie;Swetry
17471;27007-1;YNS;ERR;Mêskie;Swetry
17469;27005-4;YNS;64,47;Mêskie;Swetry
17467;27005-2;YNS;64,47;Mêskie;Swetry
17466;27005-1;YNS;64,47;Mêskie;Swetry
17465;27004-3;YNS;59,48;Mêskie;Swetry
17464;27004-2;YNS;59,48;Mêskie;Swetry
17463;27004-1;YNS;59,48;Mêskie;Swetry
17462;27003-3;YNS;69,95;Mêskie;Swetry
17461;27003-2;YNS;69,95;Mêskie;Swetry
17460;27003-1;YNS;69,95;Mêskie;Swetry
17459;27002-2;YNS;119;Mêskie;Swetry
17458;27002-1;YNS;119;Mêskie;Swetry
17457;27001-1;YNS;79,54;Mêskie;Swetry
17455;26012-6;EVA&LOLA;99;Damskie;Sukienki
17454;26012-5;EVA&LOLA;99;Damskie;Sukienki
17453;26012-4;EVA&LOLA;99;Damskie;Sukienki
17452;26012-3;EVA&LOLA;99;Damskie;Sukienki
17451;26012-2;EVA&LOLA;99;Damskie;Sukienki
17450;26012-1;EVA&LOLA;99;Damskie;Sukienki
17449;26011-4;EMAMODA;149,06;Damskie;Sukienki
17448;26011-3;EMAMODA;149,06;Damskie;Sukienki
17447;26011-2;EMAMODA;149,06;Damskie;Sukienki
17446;26011-1;EMAMODA;149,06;Damskie;Sukienki
17427;26006-1;EMAMODA;72,1;Damskie;Sukienki
17426;26005-3;EMAMODA;72,1;Damskie;Sukienki
17419;26003-2;EMAMODA;65,8;Damskie;Sukienki
17297;19011-2;EVA&LOLA;134,85;Damskie;Sukienki
17296;19011-1;EVA&LOLA;134,85;Damskie;Sukienki
17284;19007-3;EMAMODA;64,05;Damskie;Sukienki
17278;19005-3;EMAMODA;69,43;Damskie;Sukienki
17277;19005-2;EMAMODA;69,43;Damskie;Sukienki
17241;17015-2;EMAMODA;75,02;Damskie;Sukienki
17239;17014-4;EMAMODA;68,2;Damskie;Sukienki
17238;17014-3;EMAMODA;68,2;Damskie;Sukienki
17237;17014-2;EMAMODA;68,2;Damskie;Sukienki
17227;17011-1;EMAMODA;51,41;Damskie;Sukienki
17210;17005-3;EMAMODA;74,53;Damskie;Sukienki
17209;17005-2;EMAMODA;74,53;Damskie;Sukienki
17205;17004-2;EMAMODA;62,12;Damskie;Sukienki
17191;16018-1;CRSM;55,86;Mêskie;Bluzki
17190;16018-2;CRSM;45,86;Mêskie;Bluzki
17189;16017-3;CRSM;55,86;Mêskie;Bluzki
17188;16017-2;CRSM;55,86;Mêskie;Bluzki
17187;16017-1;CRSM;55,86;Mêskie;Bluzki
17186;16015-1;CRSM;55,86;Mêskie;Bluzki
17185;16014-1;CRSM;55,86;Mêskie;Bluzki
17184;16014-2;CRSM;55,86;Mêskie;Bluzki
17182;16012-1;CRSM;55,86;Mêskie;Bluzki
17181;16012-2;CRSM;55,86;Mêskie;Bluzki
17180;16011-2;CRSM;55,86;Mêskie;Bluzki
17179;16011-1;CRSM;55,86;Mêskie;Bluzki
17176;16010-1;CRSM;59,85;Mêskie;Koszule
17172;16008-1;CRSM;55,48;Mêskie;Bluzki
17170;16007-1;CRSM;45,86;Mêskie;Bluzki
17169;16006-2;CRSM;55,86;Mêskie;Bluzki
17168;16006-1;CRSM;55,86;Mêskie;Bluzki
17167;16005-2;CRSM;55,86;Mêskie;Bluzki
17164;16004-1;CRSM;55,48;Mêskie;Bluzki
17163;16003-2;CRSM;37,86;Mêskie;Bluzki
17162;16003-1;CRSM;37,86;Mêskie;Bluzki
17160;16001-2;CRSM;108,95;Mêskie;Spodnie spodenki
17159;16001-1;CRSM;108,95;Mêskie;Spodnie spodenki
17158;15010-4;EMAMODA;68,82;Damskie;Sukienki
17142;15005-2;EMAMODA;72,26;Damskie;Sukienki
17141;15005-1;EMAMODA;72,26;Damskie;Sukienki
17139;15004-3;EMAMODA;72,26;Damskie;Sukienki
17134;15003-2;EMAMODA;68,82;Damskie;Sukienki
17133;15003-1;EMAMODA;68,82;Damskie;Sukienki
17132;15002-4;EMAMODA;68,82;Damskie;Sukienki
17124;14013-1;PINK BOOM;89,31;Damskie;Sukienki
17109;14009-3;YNS;68,65;Damskie;Komplety
17108;14009-2;YNS;68,65;Damskie;Komplety
17107;14009-1;EMAMODA;68,65;Damskie;Komplety
17084;14002-2;YNS;64,79;Damskie;Sukienki
17076;11006-4;YNS;66,97;Damskie;Sukienki
17069;13006-2;YNS;68,2;Damskie;Sukienki
17068;13006-1;EMAMODA;68,2;Damskie;Sukienki
17063;13004-3;YNS;68,2;Damskie;Sukienki
17058;13003-2;YNS;71,61;Damskie;Sukienki
17028;12011-3;YNS;68,2;Damskie;Sukienki
17027;12011-2;YNS;68,2;Damskie;Sukienki
17025;12010-4;YNS;68,2;Damskie;Sukienki
17024;12010-3;YNS;ERR;Damskie;Sukienki
17013;12007-2;YNS;68,2;Damskie;Sukienki
17003;12004-4;YNS;68,2;Damskie;Sukienki
17001;12004-2;YNS;68,2;Damskie;Sukienki
16998;12003-3;YNS;68,2;Damskie;Sukienki
16991;12001-4;YNS;68,2;Damskie;Sukienki
16942;10011-2;YNS;154;Damskie;Sukienki
16940;10010-4;EVA&LOLA;109;Damskie;Sukienki
16939;10010-3;EVA&LOLA;109;Damskie;Sukienki
16894;9909-3;EMAMODA;63,88;Damskie;Sukienki
16885;9906-2;EMAMODA;63,88;Damskie;Sukienki
16863;7815-9;EVA&LOLA;124,18;Damskie;Sukienki
16858;9711-4;EVA&LOLA;105,4;Damskie;Sukienki
16856;9711-2;EVA&LOLA;105,4;Damskie;Sukienki
16851;9709-5;EVA&LOLA;105,4;Damskie;Sukienki
16850;9709-4;EVA&LOLA;105,4;Damskie;Sukienki
16847;9709-1;EVA&LOLA;105,4;Damskie;Sukienki
16806;9610-1;EVA&LOLA;118,55;Damskie;Sukienki
16798;9607-3;PINK BOOM;69,16;Damskie;Swetry
16786;9604-1;PINK BOOM;128,75;Damskie;Sukienki
16783;9603-2;PINK BOOM;98,75;Damskie;Sukienki
16757;9507-2;CRSM;78,95;Mêskie;Swetry
16756;9507-1;CRSM;ERR;Mêskie;Swetry
16752;9505-1;YNS;52,85;Mêskie;Koszule
16748;9516-3;CRSM;72,95;Mêskie;Swetry
16745;9503-2;YNS;89,95;Mêskie;Swetry
16743;9502-3;YNS;74,95;Mêskie;Swetry
16742;9502-2;YNS;74,95;Mêskie;Swetry
16739;9501-2;CRSM;79,95;Mêskie;Swetry
16738;9501-1;CRSM;79,95;Mêskie;Swetry
16631;7815-8;EVA&LOLA;124,18;Damskie;Sukienki
16623;9103-2;EMAMODA;61,84;Damskie;Sukienki
16577;8901-3;EMAMODA;62,31;Damskie;Sukienki
16576;8901-2;EMAMODA;62,31;Damskie;Sukienki
16575;8901-1;EMAMODA;62,31;Damskie;Sukienki
16558;7815-7;EVA&LOLA;124,18;Damskie;Sukienki
16556;7815-5;EVA&LOLA;124,18;Damskie;Sukienki
16513;8715-1;DROLE DE COPINE;48,84;Damskie;Spodnie spodenki
16457;8617-2;DROLE DE COPINE;44,11;Damskie;Bluzki
16447;8614-2;DROLE DE COPINE;62,27;Damskie;Koszule
16443;8612-2;DROLE DE COPINE;89,9;Damskie;Marynarki
16442;8612-1;DROLE DE COPINE;89,9;Damskie;Marynarki
16391;8504-1;EMAMODA;63,55;Damskie;Sukienki
16114;7910-2;EVA&LOLA;82,03;Damskie;Sukienki
16113;8020-3;EVA&LOLA;86,65;Damskie;Sukienki
16111;8020-1;EVA&LOLA;86,65;Damskie;Sukienki
16085;8013-3;EMAMODA;46,66;Damskie;Spódnice
16084;8013-2;EMAMODA;46,66;Damskie;Spódnice
16077;7815-4;EVA&LOLA;124,18;Damskie;Sukienki
15963;7815-3;EVA&LOLA;124,18;Damskie;Sukienki
15962;7815-2;EVA&LOLA;124,18;Damskie;Sukienki
15961;7815-1;EVA&LOLA;124,18;Damskie;Sukienki
15847;7607-1;PINK BOOM;109;Damskie;Sukienki
15839;7604-2;PINK BOOM;68,36;Damskie;Sukienki
15765;7505-3;REDIAL;56,59;Damskie;Swetry
15747;7411-1;VERA & LUCY;139;Damskie;Marynarki
15513;6823-3;EMAMODA;65,1;Damskie;Sukienki
15512;6823-2;EMAMODA;65,1;Damskie;Sukienki
15511;6823-1;EMAMODA;65,1;Damskie;Sukienki
15292;6208-1;CANDY BRUSH;56,76;Damskie;Sukienki
15263;6113-1;NIKKA;54,54;Damskie;Bluzki
15262;6112-2;NIKKA;63,4;Damskie;Marynarki
15261;6112-1;NIKKA;63,4;Damskie;Marynarki
15260;6111-2;NIKKA;46,64;Damskie;Spódnice
15259;6111-1;NIKKA;46,64;Damskie;Spódnice
15254;6108-2;DIVA LONDON;56,92;Damskie;Komplety
15250;6106-1;AYANAPA;69,4;Damskie;Sukienki
15217;6003-3;EMAMODA;52,58;Damskie;Spodnie spodenki
15215;6003-1;EMAMODA;52,58;Damskie;Spodnie spodenki
15211;6001-2;EMAMODA;59,15;Damskie;Sukienki
14620;4610-3;EMAMODA;89,9;Damskie;Sukienki
2923;4228-2;PINK BOOM;88,9;Damskie;Sukienki
2826;4202-1;HIGHNESS;56;Mêskie;Koszule
2774;4102-3;PINK BOOM;96;Damskie;Sukienki
2764;4021-2;SINLY SHOES;86;Damskie;Obuwie
2732;4011-2;DROLE DE COPINE;29;Damskie;Sukienki
2658;3920-3;G-LADIES;64;Damskie;Sukienki
2556;3702-3;PINK BOOM;88,9;Damskie;Sukienki
2542;3616-2;DISPLAY;69,4;Damskie;Kurtki
2515;3604-2;DROLE DE COPINE;59,8;Damskie;Sukienki
2494;3516-4;NANA LOVE;64;Damskie;Marynarki
2464;3507-2;DROLE DE COPINE;66;Damskie;Sukienki
2431;3421-1;JENNIKA;65;Damskie;Obuwie
2424;3418-2;FASHION;54,9;Mêskie;Spodnie spodenki
2387;3408-4;REDIAL;34,9;Damskie;Topy
2333;3326-1;BACK NUMBER;48;Mêskie;Koszule
2275;3310-1;PINK BOOM;99;Damskie;Komplety
2197;3203-3;SUNRISE C;62;Damskie;Obuwie
2183;3102-2;PINK BOOM;89;Damskie;Sukienki
2182;3102-1;PINK BOOM;78,8;Damskie;Sukienki
2178;3120-1;YNS;59;Damskie;Obuwie
1991;2815-2;GYVEN;59;Damskie;Obuwie
1931;2623-1;SHAKO;54;Damskie;Spodnie spodenki
1855;2519-1;SINLY SHOES;64,75;Damskie;Obuwie
1799;2503-3;FIONELLA;88,9;Damskie;Sukienki
1742;1102-7;FIONELLA;64;Damskie;Sukienki
1265;1605-1;REDIAL;57,85;Damskie;Sukienki
